{
    "name": "Dactyl-Manuform keyboard Jokul Version",
    "vendorId": "0x444d",
    "productId": "0x3436",
    "lighting": "qmk_backlight",
    "matrix": {
        "rows": 10,
        "cols": 6
    },
    "layouts": {
        "keymap": [
            [
                {
                  "y": 0.88,
                  "x": 15,
                  "a": 7
                },
                "5,2"
              ],
              [
                {
                  "y": -0.99,
                  "x": 3.5
                },
                "0,3"
              ],
              [
                {
                  "y": -0.89,
                  "x": 2.5
                },
                "0,2",
                {
                  "x": 1
                },
                "0,4",
                "0,5",
                {
                  "x": 6.5
                },
                "5,0",
                "5,1",
                {
                  "x": 1
                },
                "5,3"
              ],
              [
                {
                  "y": -0.48,
                  "x": 0.5
                },
                "0,0",
                "0,1",
                {
                  "x": 14.5
                },
                "5,4",
                "5,5"
              ],
              [
                {
                  "y": -0.6400000000000001,
                  "x": 3.5
                },
                "1,3",
                {
                  "x": 10.5
                },
                "6,2"
              ],
              [
                {
                  "y": -0.8799999999999999,
                  "x": 2.5
                },
                "1,2",
                {
                  "x": 1
                },
                "1,4",
                "1,5",
                {
                  "x": 6.5
                },
                "6,0",
                "6,1",
                {
                  "x": 1
                },
                "6,3"
              ],
              [
                {
                  "y": -0.48,
                  "x": 0.5
                },
                "1,0",
                "1,1",
                {
                  "x": 14.5
                },
                "6,4",
                "6,5"
              ],
              [
                {
                  "y": -0.6400000000000001,
                  "x": 15
                },
                "7,2"
              ],
              [
                {
                  "y": -0.9900000000000002,
                  "x": 3.5
                },
                "2,3"
              ],
              [
                {
                  "y": -0.8900000000000001,
                  "x": 2.5
                },
                "2,2",
                {
                  "x": 1
                },
                "2,4",
                "2,5",
                {
                  "x": 6.5
                },
                "7,0",
                "7,1",
                {
                  "x": 1
                },
                "7,3"
              ],
              [
                {
                  "y": -0.48,
                  "x": 0.5
                },
                "2,0",
                "2,1",
                {
                  "x": 14.5
                },
                "7,4",
                "7,5"
              ],
              [
                {
                  "y": -0.6400000000000001,
                  "x": 15
                },
                "8,2"
              ],
              [
                {
                  "y": -0.9900000000000002,
                  "x": 3.5
                },
                "3,3"
              ],
              [
                {
                  "y": -0.8900000000000001,
                  "x": 2.5
                },
                "3,2",
                {
                  "x": 12.5
                },
                "8,3"
              ],
              [
                {
                  "r": 30,
                  "rx": 6.5,
                  "ry": 4.25,
                  "y": 0.13999999999999968,
                  "x": -0.08000000000000007,
                  "h": 1.5
                },
                "3,5"
              ],
              [
                {
                  "y": -0.5,
                  "x": -1.08,
                  "h": 1.5
                },
                "3,4"
              ],
              [
                {
                  "r": 75,
                  "y": -2.89,
                  "x": 2.5
                },
                "4,5",
                "4,3"
              ],
              [
                {
                  "x": 2.5
                },
                "4,4",
                "4,2"
              ],
              [
                {
                  "r": -75,
                  "rx": 13,
                  "y": -1.25,
                  "x": -4.5
                },
                "9,2",
                "9,0"
              ],
              [
                {
                  "x": -4.5
                },
                "9,3",
                "9,1"
              ],
              [
                {
                  "r": -30,
                  "y": -0.6100000000000003,
                  "x": -0.9600000000000009,
                  "h": 1.5
                },
                "8,0"
              ],
              [
                {
                  "y": -0.5,
                  "x": 0.03999999999999915,
                  "h": 1.5
                },
                "8,1"
              ]
              ]
    }
}